Workbook

Sheet 2022
B1: Equation of Time and Solar Declination at 12:00 GMT (+ve Sun Fast, -ve Sun Slow)
B2: 44562 | D2: 44593 | F2: 44621 | H2: 44652 | J2: 44682 | L2: 44713
B3: EoT | C3: Dec | D3: EoT | E3: Dec | F3: EoT | G3: Dec | H3: EoT | I3: Dec | J3: EoT | K3: Dec | L3: EoT | M3: Dec
A4: 1 | B4: =VLOOKUP(B$2+$A4-1,Data!$C:$E,2) -> -3m 32s SS | C4: =VLOOKUP(B$2+$A4-1,Data!$C:$E,3) -> -23° 00' 15.6" | D4: =VLOOKUP(D$2+$A4-1,Data!$C:$E,2) -> -13m 33s SS | E4: =VLOOKUP(D$2+$A4-1,Data!$C:$E,3) -> -17° 06' 32.4" | F4: =VLOOKUP(F$2+$A4-1,Data!$C:$E,2) -> -12m 18s SS | G4: =VLOOKUP(F$2+$A4-1,Data!$C:$E,3) -> -07° 36' 04.1" | H4: =VLOOKUP(H$2+$A4-1,Data!$C:$E,2) -> -3m 52s SS | I4: =VLOOKUP(H$2+$A4-1,Data!$C:$E,3) -> +04° 31' 21.6" | J4: =VLOOKUP(J$2+$A4-1,Data!$C:$E,2) -> +2m 53s SF | K4: =VLOOKUP(J$2+$A4-1,Data!$C:$E,3) -> +15° 03' 39.2" | L4: =VLOOKUP(L$2+$A4-1,Data!$C:$E,2) -> +2m 8s SF | M4: =VLOOKUP(L$2+$A4-1,Data!$C:$E,3) -> +22° 02' 40.3" | N4: 1
A5: 2 | B5: =VLOOKUP(B$2+$A5-1,Data!$C:$E,2) -> -4m 1s SS | C5: =VLOOKUP(B$2+$A5-1,Data!$C:$E,3) -> -22° 55' 06.2" | D5: =VLOOKUP(D$2+$A5-1,Data!$C:$E,2) -> -13m 40s SS | E5: =VLOOKUP(D$2+$A5-1,Data!$C:$E,3) -> -16° 49' 19.5" | F5: =VLOOKUP(F$2+$A5-1,Data!$C:$E,2) -> -12m 7s SS | G5: =VLOOKUP(F$2+$A5-1,Data!$C:$E,3) -> -07° 13' 13.0" | H5: =VLOOKUP(H$2+$A5-1,Data!$C:$E,2) -> -3m 34s SS | I5: =VLOOKUP(H$2+$A5-1,Data!$C:$E,3) -> +04° 54' 29.0" | J5: =VLOOKUP(J$2+$A5-1,Data!$C:$E,2) -> +3m 0s SF | K5: =VLOOKUP(J$2+$A5-1,Data!$C:$E,3) -> +15° 21' 41.9" | L5: =VLOOKUP(L$2+$A5-1,Data!$C:$E,2) -> +1m 58s SF | M5: =VLOOKUP(L$2+$A5-1,Data!$C:$E,3) -> +22° 10' 38.8" | N5: 2
A6: 3 | B6: =VLOOKUP(B$2+$A6-1,Data!$C:$E,2) -> -4m 28s SS | C6: =VLOOKUP(B$2+$A6-1,Data!$C:$E,3) -> -22° 49' 29.4" | D6: =VLOOKUP(D$2+$A6-1,Data!$C:$E,2) -> -13m 47s SS | E6: =VLOOKUP(D$2+$A6-1,Data!$C:$E,3) -> -16° 31' 48.9" | F6: =VLOOKUP(F$2+$A6-1,Data!$C:$E,2) -> -11m 54s SS | G6: =VLOOKUP(F$2+$A6-1,Data!$C:$E,3) -> -06° 50' 15.6" | H6: =VLOOKUP(H$2+$A6-1,Data!$C:$E,2) -> -3m 17s SS | I6: =VLOOKUP(H$2+$A6-1,Data!$C:$E,3) -> +05° 17' 31.1" | J6: =VLOOKUP(J$2+$A6-1,Data!$C:$E,2) -> +3m 6s SF | K6: =VLOOKUP(J$2+$A6-1,Data!$C:$E,3) -> +15° 39' 29.3" | L6: =VLOOKUP(L$2+$A6-1,Data!$C:$E,2) -> +1m 48s SF | M6: =VLOOKUP(L$2+$A6-1,Data!$C:$E,3) -> +22° 18' 14.0" | N6: 3
A7: 4 | B7: =VLOOKUP(B$2+$A7-1,Data!$C:$E,2) -> -4m 56s SS | C7: =VLOOKUP(B$2+$A7-1,Data!$C:$E,3) -> -22° 43' 25.3" | D7: =VLOOKUP(D$2+$A7-1,Data!$C:$E,2) -> -13m 53s SS | E7: =VLOOKUP(D$2+$A7-1,Data!$C:$E,3) -> -16° 14' 01.0" | F7: =VLOOKUP(F$2+$A7-1,Data!$C:$E,2) -> -11m 41s SS | G7: =VLOOKUP(F$2+$A7-1,Data!$C:$E,3) -> -06° 27' 12.4" | H7: =VLOOKUP(H$2+$A7-1,Data!$C:$E,2) -> -3m 0s SS | I7: =VLOOKUP(H$2+$A7-1,Data!$C:$E,3) -> +05° 40' 27.6" | J7: =VLOOKUP(J$2+$A7-1,Data!$C:$E,2) -> +3m 12s SF | K7: =VLOOKUP(J$2+$A7-1,Data!$C:$E,3) -> +15° 57' 01.1" | L7: =VLOOKUP(L$2+$A7-1,Data!$C:$E,2) -> +1m 38s SF | M7: =VLOOKUP(L$2+$A7-1,Data!$C:$E,3) -> +22° 25' 25.7" | N7: 4
A8: 5 | B8: =VLOOKUP(B$2+$A8-1,Data!$C:$E,2) -> -5m 23s SS | C8: =VLOOKUP(B$2+$A8-1,Data!$C:$E,3) -> -22° 36' 54.1" | D8: =VLOOKUP(D$2+$A8-1,Data!$C:$E,2) -> -13m 58s SS | E8: =VLOOKUP(D$2+$A8-1,Data!$C:$E,3) -> -15° 55' 56.4" | F8: =VLOOKUP(F$2+$A8-1,Data!$C:$E,2) -> -11m 28s SS | G8: =VLOOKUP(F$2+$A8-1,Data!$C:$E,3) -> -06° 04' 03.9" | H8: =VLOOKUP(H$2+$A8-1,Data!$C:$E,2) -> -2m 42s SS | I8: =VLOOKUP(H$2+$A8-1,Data!$C:$E,3) -> +06° 03' 18.0" | J8: =VLOOKUP(J$2+$A8-1,Data!$C:$E,2) -> +3m 17s SF | K8: =VLOOKUP(J$2+$A8-1,Data!$C:$E,3) -> +16° 14' 16.9" | L8: =VLOOKUP(L$2+$A8-1,Data!$C:$E,2) -> +1m 28s SF | M8: =VLOOKUP(L$2+$A8-1,Data!$C:$E,3) -> +22° 32' 13.8" | N8: 5
A9: 6 | B9: =VLOOKUP(B$2+$A9-1,Data!$C:$E,2) -> -5m 49s SS | C9: =VLOOKUP(B$2+$A9-1,Data!$C:$E,3) -> -22° 29' 56.0" | D9: =VLOOKUP(D$2+$A9-1,Data!$C:$E,2) -> -14m 2s SS | E9: =VLOOKUP(D$2+$A9-1,Data!$C:$E,3) -> -15° 37' 35.3" | F9: =VLOOKUP(F$2+$A9-1,Data!$C:$E,2) -> -11m 14s SS | G9: =VLOOKUP(F$2+$A9-1,Data!$C:$E,3) -> -05° 40' 50.4" | H9: =VLOOKUP(H$2+$A9-1,Data!$C:$E,2) -> -2m 25s SS | I9: =VLOOKUP(H$2+$A9-1,Data!$C:$E,3) -> +06° 26' 02.1" | J9: =VLOOKUP(J$2+$A9-1,Data!$C:$E,2) -> +3m 21s SF | K9: =VLOOKUP(J$2+$A9-1,Data!$C:$E,3) -> +16° 31' 16.5" | L9: =VLOOKUP(L$2+$A9-1,Data!$C:$E,2) -> +1m 17s SF | M9: =VLOOKUP(L$2+$A9-1,Data!$C:$E,3) -> +22° 38' 38.2" | N9: 6
A10: 7 | B10: =VLOOKUP(B$2+$A10-1,Data!$C:$E,2) -> -6m 16s SS | C10: =VLOOKUP(B$2+$A10-1,Data!$C:$E,3) -> -22° 22' 31.3" | D10: =VLOOKUP(D$2+$A10-1,Data!$C:$E,2) -> -14m 6s SS | E10: =VLOOKUP(D$2+$A10-1,Data!$C:$E,3) -> -15° 18' 58.3" | F10: =VLOOKUP(F$2+$A10-1,Data!$C:$E,2) -> -11m 0s SS | G10: =VLOOKUP(F$2+$A10-1,Data!$C:$E,3) -> -05° 17' 32.4" | H10: =VLOOKUP(H$2+$A10-1,Data!$C:$E,2) -> -2m 9s SS | I10: =VLOOKUP(H$2+$A10-1,Data!$C:$E,3) -> +06° 48' 39.5" | J10: =VLOOKUP(J$2+$A10-1,Data!$C:$E,2) -> +3m 25s SF | K10: =VLOOKUP(J$2+$A10-1,Data!$C:$E,3) -> +16° 47' 59.5" | L10: =VLOOKUP(L$2+$A10-1,Data!$C:$E,2) -> +1m 6s SF | M10: =VLOOKUP(L$2+$A10-1,Data!$C:$E,3) -> +22° 44' 38.7" | N10: 7
A11: 8 | B11: =VLOOKUP(B$2+$A11-1,Data!$C:$E,2) -> -6m 41s SS | C11: =VLOOKUP(B$2+$A11-1,Data!$C:$E,3) -> -22° 14' 40.1" | D11: =VLOOKUP(D$2+$A11-1,Data!$C:$E,2) -> -14m 9s SS | E11: =VLOOKUP(D$2+$A11-1,Data!$C:$E,3) -> -15° 00' 05.8" | F11: =VLOOKUP(F$2+$A11-1,Data!$C:$E,2) -> -10m 46s SS | G11: =VLOOKUP(F$2+$A11-1,Data!$C:$E,3) -> -04° 54' 10.3" | H11: =VLOOKUP(H$2+$A11-1,Data!$C:$E,2) -> -1m 52s SS | I11: =VLOOKUP(H$2+$A11-1,Data!$C:$E,3) -> +07° 11' 09.8" | J11: =VLOOKUP(J$2+$A11-1,Data!$C:$E,2) -> +3m 29s SF | K11: =VLOOKUP(J$2+$A11-1,Data!$C:$E,3) -> +17° 04' 25.5" | L11: =VLOOKUP(L$2+$A11-1,Data!$C:$E,2) -> +0m 54s SF | M11: =VLOOKUP(L$2+$A11-1,Data!$C:$E,3) -> +22° 50' 15.1" | N11: 8
A12: 9 | B12: =VLOOKUP(B$2+$A12-1,Data!$C:$E,2) -> -7m 6s SS | C12: =VLOOKUP(B$2+$A12-1,Data!$C:$E,3) -> -22° 06' 22.7" | D12: =VLOOKUP(D$2+$A12-1,Data!$C:$E,2) -> -14m 10s SS | E12: =VLOOKUP(D$2+$A12-1,Data!$C:$E,3) -> -14° 40' 58.2" | F12: =VLOOKUP(F$2+$A12-1,Data!$C:$E,2) -> -10m 31s SS | G12: =VLOOKUP(F$2+$A12-1,Data!$C:$E,3) -> -04° 30' 44.4" | H12: =VLOOKUP(H$2+$A12-1,Data!$C:$E,2) -> -1m 36s SS | I12: =VLOOKUP(H$2+$A12-1,Data!$C:$E,3) -> +07° 33' 32.6" | J12: =VLOOKUP(J$2+$A12-1,Data!$C:$E,2) -> +3m 32s SF | K12: =VLOOKUP(J$2+$A12-1,Data!$C:$E,3) -> +17° 20' 34.4" | L12: =VLOOKUP(L$2+$A12-1,Data!$C:$E,2) -> +0m 42s SF | M12: =VLOOKUP(L$2+$A12-1,Data!$C:$E,3) -> +22° 55' 27.5" | N12: 9
A13: 10 | B13: =VLOOKUP(B$2+$A13-1,Data!$C:$E,2) -> -7m 31s SS | C13: =VLOOKUP(B$2+$A13-1,Data!$C:$E,3) -> -21° 57' 39.3" | D13: =VLOOKUP(D$2+$A13-1,Data!$C:$E,2) -> -14m 11s SS | E13: =VLOOKUP(D$2+$A13-1,Data!$C:$E,3) -> -14° 21' 35.9" | F13: =VLOOKUP(F$2+$A13-1,Data!$C:$E,2) -> -10m 16s SS | G13: =VLOOKUP(F$2+$A13-1,Data!$C:$E,3) -> -04° 07' 15.2" | H13: =VLOOKUP(H$2+$A13-1,Data!$C:$E,2) -> -1m 19s SS | I13: =VLOOKUP(H$2+$A13-1,Data!$C:$E,3) -> +07° 55' 47.7" | J13: =VLOOKUP(J$2+$A13-1,Data!$C:$E,2) -> +3m 34s SF | K13: =VLOOKUP(J$2+$A13-1,Data!$C:$E,3) -> +17° 36' 25.8" | L13: =VLOOKUP(L$2+$A13-1,Data!$C:$E,2) -> +0m 31s SF | M13: =VLOOKUP(L$2+$A13-1,Data!$C:$E,3) -> +23° 00' 15.6" | N13: 10
A14: 11 | B14: =VLOOKUP(B$2+$A14-1,Data!$C:$E,2) -> -7m 54s SS | C14: =VLOOKUP(B$2+$A14-1,Data!$C:$E,3) -> -21° 48' 30.3" | D14: =VLOOKUP(D$2+$A14-1,Data!$C:$E,2) -> -14m 12s SS | E14: =VLOOKUP(D$2+$A14-1,Data!$C:$E,3) -> -14° 01' 59.4" | F14: =VLOOKUP(F$2+$A14-1,Data!$C:$E,2) -> -10m 0s SS | G14: =VLOOKUP(F$2+$A14-1,Data!$C:$E,3) -> -03° 43' 43.0" | H14: =VLOOKUP(H$2+$A14-1,Data!$C:$E,2) -> -1m 3s SS | I14: =VLOOKUP(H$2+$A14-1,Data!$C:$E,3) -> +08° 17' 54.6" | J14: =VLOOKUP(J$2+$A14-1,Data!$C:$E,2) -> +3m 36s SF | K14: =VLOOKUP(J$2+$A14-1,Data!$C:$E,3) -> +17° 51' 59.5" | L14: =VLOOKUP(L$2+$A14-1,Data!$C:$E,2) -> +0m 19s SF | M14: =VLOOKUP(L$2+$A14-1,Data!$C:$E,3) -> +23° 04' 39.3" | N14: 11
A15: 12 | B15: =VLOOKUP(B$2+$A15-1,Data!$C:$E,2) -> -8m 18s SS | C15: =VLOOKUP(B$2+$A15-1,Data!$C:$E,3) -> -21° 38' 55.9" | D15: =VLOOKUP(D$2+$A15-1,Data!$C:$E,2) -> -14m 11s SS | E15: =VLOOKUP(D$2+$A15-1,Data!$C:$E,3) -> -13° 42' 09.0" | F15: =VLOOKUP(F$2+$A15-1,Data!$C:$E,2) -> -9m 44s SS | G15: =VLOOKUP(F$2+$A15-1,Data!$C:$E,3) -> -03° 20' 08.3" | H15: =VLOOKUP(H$2+$A15-1,Data!$C:$E,2) -> -0m 48s SS | I15: =VLOOKUP(H$2+$A15-1,Data!$C:$E,3) -> +08° 39' 53.2" | J15: =VLOOKUP(J$2+$A15-1,Data!$C:$E,2) -> +3m 37s SF | K15: =VLOOKUP(J$2+$A15-1,Data!$C:$E,3) -> +18° 07' 15.0" | L15: =VLOOKUP(L$2+$A15-1,Data!$C:$E,2) -> +0m 6s SF | M15: =VLOOKUP(L$2+$A15-1,Data!$C:$E,3) -> +23° 08' 38.7" | N15: 12
... A31: 28 | B31: =VLOOKUP(B$2+$A31-1,Data!$C:$E,2) -> -12m 54s SS | C31: =VLOOKUP(B$2+$A31-1,Data!$C:$E,3) -> -18° 12' 18.9" | D31: =VLOOKUP(D$2+$A31-1,Data!$C:$E,2) -> -12m 30s SS | E31: =VLOOKUP(D$2+$A31-1,Data!$C:$E,3) -> -07° 58' 48.7" | F31: =VLOOKUP(F$2+$A31-1,Data!$C:$E,2) -> -5m 4s SS | G31: =VLOOKUP(F$2+$A31-1,Data!$C:$E,3) -> +02° 58' 07.0" | H31: =VLOOKUP(H$2+$A31-1,Data!$C:$E,2) -> +2m 30s SF | I31: =VLOOKUP(H$2+$A31-1,Data!$C:$E,3) -> +14° 08' 02.9" | J31: =VLOOKUP(J$2+$A31-1,Data!$C:$E,2) -> +2m 42s SF | K31: =VLOOKUP(J$2+$A31-1,Data!$C:$E,3) -> +21° 26' 57.4" | L31: =VLOOKUP(L$2+$A31-1,Data!$C:$E,2) -> -3m 19s SS | M31: =VLOOKUP(L$2+$A31-1,Data!$C:$E,3) -> +23° 16' 35.5" | N31: 28
A32: 29 | B32: =VLOOKUP(B$2+$A32-1,Data!$C:$E,2) -> -13m 5s SS | C32: =VLOOKUP(B$2+$A32-1,Data!$C:$E,3) -> -17° 56' 20.9" | F32: =VLOOKUP(F$2+$A32-1,Data!$C:$E,2) -> -4m 46s SS | G32: =VLOOKUP(F$2+$A32-1,Data!$C:$E,3) -> +03° 21' 31.7" | H32: =VLOOKUP(H$2+$A32-1,Data!$C:$E,2) -> +2m 38s SF | I32: =VLOOKUP(H$2+$A32-1,Data!$C:$E,3) -> +14° 26' 49.4" | J32: =VLOOKUP(J$2+$A32-1,Data!$C:$E,2) -> +2m 34s SF | K32: =VLOOKUP(J$2+$A32-1,Data!$C:$E,3) -> +21° 36' 27.1" | L32: =VLOOKUP(L$2+$A32-1,Data!$C:$E,2) -> -3m 31s SS | M32: =VLOOKUP(L$2+$A32-1,Data!$C:$E,3) -> +23° 13' 35.4" | N32: 29
A33: 30 | B33: =VLOOKUP(B$2+$A33-1,Data!$C:$E,2) -> -13m 15s SS | C33: =VLOOKUP(B$2+$A33-1,Data!$C:$E,3) -> -17° 40' 03.6" | F33: =VLOOKUP(F$2+$A33-1,Data!$C:$E,2) -> -4m 28s SS | G33: =VLOOKUP(F$2+$A33-1,Data!$C:$E,3) -> +03° 44' 52.6" | H33: =VLOOKUP(H$2+$A33-1,Data!$C:$E,2) -> +2m 46s SF | I33: =VLOOKUP(H$2+$A33-1,Data!$C:$E,3) -> +14° 45' 21.6" | J33: =VLOOKUP(J$2+$A33-1,Data!$C:$E,2) -> +2m 26s SF | K33: =VLOOKUP(J$2+$A33-1,Data!$C:$E,3) -> +21° 45' 34.3" | L33: =VLOOKUP(L$2+$A33-1,Data!$C:$E,2) -> -3m 43s SS | M33: =VLOOKUP(L$2+$A33-1,Data!$C:$E,3) -> +23° 10' 10.8" | N33: 30
A34: 31 | B34: =VLOOKUP(B$2+$A34-1,Data!$C:$E,2) -> -13m 24s SS | C34: =VLOOKUP(B$2+$A34-1,Data!$C:$E,3) -> -17° 23' 27.2" | F34: =VLOOKUP(F$2+$A34-1,Data!$C:$E,2) -> -4m 10s SS | G34: =VLOOKUP(F$2+$A34-1,Data!$C:$E,3) -> +04° 08' 09.3" | J34: =VLOOKUP(J$2+$A34-1,Data!$C:$E,2) -> +2m 17s SF | K34: =VLOOKUP(J$2+$A34-1,Data!$C:$E,3) -> +21° 54' 18.7" | N34: 31
B36: Equation of Time and Solar Declination at 12:00 GMT (+ve Sun Fast, -ve Sun Slow)
B37: 44743 | D37: 44774 | F37: 44805 | H37: 44835 | J37: 44866 | L37: 44896
B38: EoT | C38: Dec | D38: EoT | E38: Dec | F38: EoT | G38: Dec | H38: EoT | I38: Dec | J38: EoT | K38: Dec | L38: EoT | M38: Dec
A39: 1 | B39: =VLOOKUP(B$37+$A4-1,Data!$C:$E,2) -> -3m 55s SS | C39: =VLOOKUP(B$37+$A4-1,Data!$C:$E,3) -> +23° 06' 21.8" | D39: =VLOOKUP(D$37+$A4-1,Data!$C:$E,2) -> -6m 23s SS | E39: =VLOOKUP(D$37+$A4-1,Data!$C:$E,3) -> +18° 01' 16.2" | F39: =VLOOKUP(F$37+$A4-1,Data!$C:$E,2) -> -0m 2s SS | G39: =VLOOKUP(F$37+$A4-1,Data!$C:$E,3) -> +08° 17' 31.7" | H39: =VLOOKUP(H$37+$A4-1,Data!$C:$E,2) -> +10m 19s SF | I39: =VLOOKUP(H$37+$A4-1,Data!$C:$E,3) -> -03° 10' 01.2" | J39: =VLOOKUP(J$37+$A4-1,Data!$C:$E,2) -> +16m 25s SF | K39: =VLOOKUP(J$37+$A4-1,Data!$C:$E,3) -> -14° 24' 29.6" | L39: =VLOOKUP(L$37+$A4-1,Data!$C:$E,2) -> +11m 0s SF | M39: =VLOOKUP(L$37+$A4-1,Data!$C:$E,3) -> -21° 47' 25.6" | N39: 1
A40: 2 | B40: =VLOOKUP(B$37+$A5-1,Data!$C:$E,2) -> -4m 6s SS | C40: =VLOOKUP(B$37+$A5-1,Data!$C:$E,3) -> +23° 02' 08.5" | D40: =VLOOKUP(D$37+$A5-1,Data!$C:$E,2) -> -6m 19s SS | E40: =VLOOKUP(D$37+$A5-1,Data!$C:$E,3) -> +17° 46' 02.0" | F40: =VLOOKUP(F$37+$A5-1,Data!$C:$E,2) -> +0m 18s SF | G40: =VLOOKUP(F$37+$A5-1,Data!$C:$E,3) -> +07° 55' 43.0" | H40: =VLOOKUP(H$37+$A5-1,Data!$C:$E,2) -> +10m 39s SF | I40: =VLOOKUP(H$37+$A5-1,Data!$C:$E,3) -> -03° 33' 16.2" | J40: =VLOOKUP(J$37+$A5-1,Data!$C:$E,2) -> +16m 26s SF | K40: =VLOOKUP(J$37+$A5-1,Data!$C:$E,3) -> -14° 43' 36.2" | L40: =VLOOKUP(L$37+$A5-1,Data!$C:$E,2) -> +10m 37s SF | M40: =VLOOKUP(L$37+$A5-1,Data!$C:$E,3) -> -21° 56' 34.5" | N40: 2
A41: 3 | B41: =VLOOKUP(B$37+$A6-1,Data!$C:$E,2) -> -4m 18s SS | C41: =VLOOKUP(B$37+$A6-1,Data!$C:$E,3) -> +22° 57' 31.1" | D41: =VLOOKUP(D$37+$A6-1,Data!$C:$E,2) -> -6m 14s SS | E41: =VLOOKUP(D$37+$A6-1,Data!$C:$E,3) -> +17° 30' 30.5" | F41: =VLOOKUP(F$37+$A6-1,Data!$C:$E,2) -> +0m 37s SF | G41: =VLOOKUP(F$37+$A6-1,Data!$C:$E,3) -> +07° 33' 46.9" | H41: =VLOOKUP(H$37+$A6-1,Data!$C:$E,2) -> +10m 58s SF | I41: =VLOOKUP(H$37+$A6-1,Data!$C:$E,3) -> -03° 56' 28.6" | J41: =VLOOKUP(J$37+$A6-1,Data!$C:$E,2) -> +16m 26s SF | K41: =VLOOKUP(J$37+$A6-1,Data!$C:$E,3) -> -15° 02' 28.4" | L41: =VLOOKUP(L$37+$A6-1,Data!$C:$E,2) -> +10m 14s SF | M41: =VLOOKUP(L$37+$A6-1,Data!$C:$E,3) -> -22° 05' 18.0" | N41: 3
A42: 4 | B42: =VLOOKUP(B$37+$A7-1,Data!$C:$E,2) -> -4m 28s SS | C42: =VLOOKUP(B$37+$A7-1,Data!$C:$E,3) -> +22° 52' 29.6" | D42: =VLOOKUP(D$37+$A7-1,Data!$C:$E,2) -> -6m 9s SS | E42: =VLOOKUP(D$37+$A7-1,Data!$C:$E,3) -> +17° 14' 42.0" | F42: =VLOOKUP(F$37+$A7-1,Data!$C:$E,2) -> +0m 57s SF | G42: =VLOOKUP(F$37+$A7-1,Data!$C:$E,3) -> +07° 11' 43.5" | H42: =VLOOKUP(H$37+$A7-1,Data!$C:$E,2) -> +11m 16s SF | I42: =VLOOKUP(H$37+$A7-1,Data!$C:$E,3) -> -04° 19' 38.2" | J42: =VLOOKUP(J$37+$A7-1,Data!$C:$E,2) -> +16m 26s SF | K42: =VLOOKUP(J$37+$A7-1,Data!$C:$E,3) -> -15° 21' 05.8" | L42: =VLOOKUP(L$37+$A7-1,Data!$C:$E,2) -> +9m 50s SF | M42: =VLOOKUP(L$37+$A7-1,Data!$C:$E,3) -> -22° 13' 36.0" | N42: 4
A43: 5 | B43: =VLOOKUP(B$37+$A8-1,Data!$C:$E,2) -> -4m 39s SS | C43: =VLOOKUP(B$37+$A8-1,Data!$C:$E,3) -> +22° 47' 04.2" | D43: =VLOOKUP(D$37+$A8-1,Data!$C:$E,2) -> -6m 3s SS | E43: =VLOOKUP(D$37+$A8-1,Data!$C:$E,3) -> +16° 58' 36.8" | F43: =VLOOKUP(F$37+$A8-1,Data!$C:$E,2) -> +1m 17s SF | G43: =VLOOKUP(F$37+$A8-1,Data!$C:$E,3) -> +06° 49' 33.2" | H43: =VLOOKUP(H$37+$A8-1,Data!$C:$E,2) -> +11m 34s SF | I43: =VLOOKUP(H$37+$A8-1,Data!$C:$E,3) -> -04° 42' 44.4" | J43: =VLOOKUP(J$37+$A8-1,Data!$C:$E,2) -> +16m 25s SF | K43: =VLOOKUP(J$37+$A8-1,Data!$C:$E,3) -> -15° 39' 28.1" | L43: =VLOOKUP(L$37+$A8-1,Data!$C:$E,2) -> +9m 26s SF | M43: =VLOOKUP(L$37+$A8-1,Data!$C:$E,3) -> -22° 21' 28.1" | N43: 5
A44: 6 | B44: =VLOOKUP(B$37+$A9-1,Data!$C:$E,2) -> -4m 49s SS | C44: =VLOOKUP(B$37+$A9-1,Data!$C:$E,3) -> +22° 41' 15.0" | D44: =VLOOKUP(D$37+$A9-1,Data!$C:$E,2) -> -5m 56s SS | E44: =VLOOKUP(D$37+$A9-1,Data!$C:$E,3) -> +16° 42' 15.3" | F44: =VLOOKUP(F$37+$A9-1,Data!$C:$E,2) -> +1m 37s SF | G44: =VLOOKUP(F$37+$A9-1,Data!$C:$E,3) -> +06° 27' 16.4" | H44: =VLOOKUP(H$37+$A9-1,Data!$C:$E,2) -> +11m 52s SF | I44: =VLOOKUP(H$37+$A9-1,Data!$C:$E,3) -> -05° 05' 47.1" | J44: =VLOOKUP(J$37+$A9-1,Data!$C:$E,2) -> +16m 23s SF | K44: =VLOOKUP(J$37+$A9-1,Data!$C:$E,3) -> -15° 57' 34.8" | L44: =VLOOKUP(L$37+$A9-1,Data!$C:$E,2) -> +9m 1s SF | M44: =VLOOKUP(L$37+$A9-1,Data!$C:$E,3) -> -22° 28' 54.2" | N44: 6
A45: 7 | B45: =VLOOKUP(B$37+$A10-1,Data!$C:$E,2) -> -4m 59s SS | C45: =VLOOKUP(B$37+$A10-1,Data!$C:$E,3) -> +22° 35' 02.2" | D45: =VLOOKUP(D$37+$A10-1,Data!$C:$E,2) -> -5m 49s SS | E45: =VLOOKUP(D$37+$A10-1,Data!$C:$E,3) -> +16° 25' 37.7" | F45: =VLOOKUP(F$37+$A10-1,Data!$C:$E,2) -> +1m 58s SF | G45: =VLOOKUP(F$37+$A10-1,Data!$C:$E,3) -> +06° 04' 53.4" | H45: =VLOOKUP(H$37+$A10-1,Data!$C:$E,2) -> +12m 10s SF | I45: =VLOOKUP(H$37+$A10-1,Data!$C:$E,3) -> -05° 28' 45.9" | J45: =VLOOKUP(J$37+$A10-1,Data!$C:$E,2) -> +16m 20s SF | K45: =VLOOKUP(J$37+$A10-1,Data!$C:$E,3) -> -16° 15' 25.5" | L45: =VLOOKUP(L$37+$A10-1,Data!$C:$E,2) -> +8m 35s SF | M45: =VLOOKUP(L$37+$A10-1,Data!$C:$E,3) -> -22° 35' 54.0" | N45: 7
A46: 8 | B46: =VLOOKUP(B$37+$A11-1,Data!$C:$E,2) -> -5m 8s SS | C46: =VLOOKUP(B$37+$A11-1,Data!$C:$E,3) -> +22° 28' 26.0" | D46: =VLOOKUP(D$37+$A11-1,Data!$C:$E,2) -> -5m 41s SS | E46: =VLOOKUP(D$37+$A11-1,Data!$C:$E,3) -> +16° 08' 44.3" | F46: =VLOOKUP(F$37+$A11-1,Data!$C:$E,2) -> +2m 18s SF | G46: =VLOOKUP(F$37+$A11-1,Data!$C:$E,3) -> +05° 42' 24.5" | H46: =VLOOKUP(H$37+$A11-1,Data!$C:$E,2) -> +12m 27s SF | I46: =VLOOKUP(H$37+$A11-1,Data!$C:$E,3) -> -05° 51' 40.4" | J46: =VLOOKUP(J$37+$A11-1,Data!$C:$E,2) -> +16m 16s SF | K46: =VLOOKUP(J$37+$A11-1,Data!$C:$E,3) -> -16° 32' 59.9" | L46: =VLOOKUP(L$37+$A11-1,Data!$C:$E,2) -> +8m 9s SF | M46: =VLOOKUP(L$37+$A11-1,Data!$C:$E,3) -> -22° 42' 27.3" | N46: 8
A47: 9 | B47: =VLOOKUP(B$37+$A12-1,Data!$C:$E,2) -> -5m 17s SS | C47: =VLOOKUP(B$37+$A12-1,Data!$C:$E,3) -> +22° 21' 26.5" | D47: =VLOOKUP(D$37+$A12-1,Data!$C:$E,2) -> -5m 33s SS | E47: =VLOOKUP(D$37+$A12-1,Data!$C:$E,3) -> +15° 51' 35.5" | F47: =VLOOKUP(F$37+$A12-1,Data!$C:$E,2) -> +2m 39s SF | G47: =VLOOKUP(F$37+$A12-1,Data!$C:$E,3) -> +05° 19' 49.9" | H47: =VLOOKUP(H$37+$A12-1,Data!$C:$E,2) -> +12m 44s SF | I47: =VLOOKUP(H$37+$A12-1,Data!$C:$E,3) -> -06° 14' 30.3" | J47: =VLOOKUP(J$37+$A12-1,Data!$C:$E,2) -> +16m 11s SF | K47: =VLOOKUP(J$37+$A12-1,Data!$C:$E,3) -> -16° 50' 17.6" | L47: =VLOOKUP(L$37+$A12-1,Data!$C:$E,2) -> +7m 43s SF | M47: =VLOOKUP(L$37+$A12-1,Data!$C:$E,3) -> -22° 48' 33.9" | N47: 9
A48: 10 | B48: =VLOOKUP(B$37+$A13-1,Data!$C:$E,2) -> -5m 26s SS | C48: =VLOOKUP(B$37+$A13-1,Data!$C:$E,3) -> +22° 14' 03.9" | D48: =VLOOKUP(D$37+$A13-1,Data!$C:$E,2) -> -5m 24s SS | E48: =VLOOKUP(D$37+$A13-1,Data!$C:$E,3) -> +15° 34' 11.6" | F48: =VLOOKUP(F$37+$A13-1,Data!$C:$E,2) -> +3m 0s SF | G48: =VLOOKUP(F$37+$A13-1,Data!$C:$E,3) -> +04° 57' 10.0" | H48: =VLOOKUP(H$37+$A13-1,Data!$C:$E,2) -> +13m 0s SF | I48: =VLOOKUP(H$37+$A13-1,Data!$C:$E,3) -> -06° 37' 15.3" | J48: =VLOOKUP(J$37+$A13-1,Data!$C:$E,2) -> +16m 6s SF | K48: =VLOOKUP(J$37+$A13-1,Data!$C:$E,3) -> -17° 07' 18.2" | L48: =VLOOKUP(L$37+$A13-1,Data!$C:$E,2) -> +7m 16s SF | M48: =VLOOKUP(L$37+$A13-1,Data!$C:$E,3) -> -22° 54' 13.6" | N48: 10
A49: 11 | B49: =VLOOKUP(B$37+$A14-1,Data!$C:$E,2) -> -5m 34s SS | C49: =VLOOKUP(B$37+$A14-1,Data!$C:$E,3) -> +22° 06' 18.4" | D49: =VLOOKUP(D$37+$A14-1,Data!$C:$E,2) -> -5m 14s SS | E49: =VLOOKUP(D$37+$A14-1,Data!$C:$E,3) -> +15° 16' 32.8" | F49: =VLOOKUP(F$37+$A14-1,Data!$C:$E,2) -> +3m 21s SF | G49: =VLOOKUP(F$37+$A14-1,Data!$C:$E,3) -> +04° 34' 25.1" | H49: =VLOOKUP(H$37+$A14-1,Data!$C:$E,2) -> +13m 16s SF | I49: =VLOOKUP(H$37+$A14-1,Data!$C:$E,3) -> -06° 59' 55.0" | J49: =VLOOKUP(J$37+$A14-1,Data!$C:$E,2) -> +16m 0s SF | K49: =VLOOKUP(J$37+$A14-1,Data!$C:$E,3) -> -17° 24' 01.4" | L49: =VLOOKUP(L$37+$A14-1,Data!$C:$E,2) -> +6m 48s SF | M49: =VLOOKUP(L$37+$A14-1,Data!$C:$E,3) -> -22° 59' 26.2" | N49: 11
A50: 12 | B50: =VLOOKUP(B$37+$A15-1,Data!$C:$E,2) -> -5m 41s SS | C50: =VLOOKUP(B$37+$A15-1,Data!$C:$E,3) -> +21° 58' 10.2" | D50: =VLOOKUP(D$37+$A15-1,Data!$C:$E,2) -> -5m 4s SS | E50: =VLOOKUP(D$37+$A15-1,Data!$C:$E,3) -> +14° 58' 39.4" | F50: =VLOOKUP(F$37+$A15-1,Data!$C:$E,2) -> +3m 43s SF | G50: =VLOOKUP(F$37+$A15-1,Data!$C:$E,3) -> +04° 11' 35.4" | H50: =VLOOKUP(H$37+$A15-1,Data!$C:$E,2) -> +13m 31s SF | I50: =VLOOKUP(H$37+$A15-1,Data!$C:$E,3) -> -07° 22' 29.0" | J50: =VLOOKUP(J$37+$A15-1,Data!$C:$E,2) -> +15m 53s SF | K50: =VLOOKUP(J$37+$A15-1,Data!$C:$E,3) -> -17° 40' 26.7" | L50: =VLOOKUP(L$37+$A15-1,Data!$C:$E,2) -> +6m 21s SF | M50: =VLOOKUP(L$37+$A15-1,Data!$C:$E,3) -> -23° 04' 11.7" | N50: 12
... A68: 30 | B68: =VLOOKUP(B$37+$A33-1,Data!$C:$E,2) -> -6m 29s SS | C68: =VLOOKUP(B$37+$A33-1,Data!$C:$E,3) -> +18° 30' 51.4" | D68: =VLOOKUP(D$37+$A33-1,Data!$C:$E,2) -> -0m 39s SS | E68: =VLOOKUP(D$37+$A33-1,Data!$C:$E,3) -> +09° 00' 45.0" | F68: =VLOOKUP(F$37+$A33-1,Data!$C:$E,2) -> +10m 0s SF | G68: =VLOOKUP(F$37+$A33-1,Data!$C:$E,3) -> -02° 46' 44.1" | H68: =VLOOKUP(H$37+$A33-1,Data!$C:$E,2) -> +16m 20s SF | I68: =VLOOKUP(H$37+$A33-1,Data!$C:$E,3) -> -13° 45' 34.7" | J68: =VLOOKUP(J$37+$A33-1,Data!$C:$E,2) -> +11m 22s SF | K68: =VLOOKUP(J$37+$A33-1,Data!$C:$E,3) -> -21° 37' 51.6" | L68: =VLOOKUP(L$37+$A33-1,Data!$C:$E,2) -> -2m 29s SS | M68: =VLOOKUP(L$37+$A33-1,Data!$C:$E,3) -> -23° 10' 11.4" | N68: 30
A69: 31 | B69: =VLOOKUP(B$37+$A34-1,Data!$C:$E,2) -> -6m 26s SS | C69: =VLOOKUP(B$37+$A34-1,Data!$C:$E,3) -> +18° 16' 12.8" | D69: =VLOOKUP(D$37+$A34-1,Data!$C:$E,2) -> -0m 21s SS | E69: =VLOOKUP(D$37+$A34-1,Data!$C:$E,3) -> +08° 39' 12.4" | H69: =VLOOKUP(H$37+$A34-1,Data!$C:$E,2) -> +16m 23s SF | I69: =VLOOKUP(H$37+$A34-1,Data!$C:$E,3) -> -14° 05' 08.9" | L69: =VLOOKUP(L$37+$A34-1,Data!$C:$E,2) -> -2m 57s SS | M69: =VLOOKUP(L$37+$A34-1,Data!$C:$E,3) -> -23° 06' 04.3" | N69: 31

Sheet 2023
B1: Equation of Time and Solar Declination at 12:00 GMT (+ve Sun Fast, -ve Sun Slow)
B2: 44927 | D2: 44958 | F2: 44986 | H2: 45017 | J2: 45047 | L2: 45078
B3: EoT | C3: Dec | D3: EoT | E3: Dec | F3: EoT | G3: Dec | H3: EoT | I3: Dec | J3: EoT | K3: Dec | L3: EoT | M3: Dec
A4: 1 | B4: =VLOOKUP(B$2+$A4-1,Data!$C:$E,2) -> -3m 26s SS | C4: =VLOOKUP(B$2+$A4-1,Data!$C:$E,3) -> -23° 01' 29.4" | D4: =VLOOKUP(D$2+$A4-1,Data!$C:$E,2) -> -13m 30s SS | E4: =VLOOKUP(D$2+$A4-1,Data!$C:$E,3) -> -17° 10' 54.0" | F4: =VLOOKUP(F$2+$A4-1,Data!$C:$E,2) -> -12m 21s SS | G4: =VLOOKUP(F$2+$A4-1,Data!$C:$E,3) -> -07° 41' 54.5" | H4: =VLOOKUP(H$2+$A4-1,Data!$C:$E,2) -> -3m 56s SS | I4: =VLOOKUP(H$2+$A4-1,Data!$C:$E,3) -> +04° 25' 23.5" | J4: =VLOOKUP(J$2+$A4-1,Data!$C:$E,2) -> +2m 52s SF | K4: =VLOOKUP(J$2+$A4-1,Data!$C:$E,3) -> +14° 58' 57.8" | L4: =VLOOKUP(L$2+$A4-1,Data!$C:$E,2) -> +2m 10s SF | M4: =VLOOKUP(L$2+$A4-1,Data!$C:$E,3) -> +22° 00' 32.3" | N4: 1
A5: 2 | B5: =VLOOKUP(B$2+$A5-1,Data!$C:$E,2) -> -3m 54s SS | C5: =VLOOKUP(B$2+$A5-1,Data!$C:$E,3) -> -22° 56' 27.0" | D5: =VLOOKUP(D$2+$A5-1,Data!$C:$E,2) -> -13m 38s SS | E5: =VLOOKUP(D$2+$A5-1,Data!$C:$E,3) -> -16° 53' 46.3" | F5: =VLOOKUP(F$2+$A5-1,Data!$C:$E,2) -> -12m 9s SS | G5: =VLOOKUP(F$2+$A5-1,Data!$C:$E,3) -> -07° 19' 05.7" | H5: =VLOOKUP(H$2+$A5-1,Data!$C:$E,2) -> -3m 38s SS | I5: =VLOOKUP(H$2+$A5-1,Data!$C:$E,3) -> +04° 48' 31.2" | J5: =VLOOKUP(J$2+$A5-1,Data!$C:$E,2) -> +2m 59s SF | K5: =VLOOKUP(J$2+$A5-1,Data!$C:$E,3) -> +15° 17' 03.5" | L5: =VLOOKUP(L$2+$A5-1,Data!$C:$E,2) -> +2m 1s SF | M5: =VLOOKUP(L$2+$A5-1,Data!$C:$E,3) -> +22° 08' 36.2" | N5: 2
A6: 3 | B6: =VLOOKUP(B$2+$A6-1,Data!$C:$E,2) -> -4m 22s SS | C6: =VLOOKUP(B$2+$A6-1,Data!$C:$E,3) -> -22° 50' 57.2" | D6: =VLOOKUP(D$2+$A6-1,Data!$C:$E,2) -> -13m 45s SS | E6: =VLOOKUP(D$2+$A6-1,Data!$C:$E,3) -> -16° 36' 20.9" | F6: =VLOOKUP(F$2+$A6-1,Data!$C:$E,2) -> -11m 57s SS | G6: =VLOOKUP(F$2+$A6-1,Data!$C:$E,3) -> -06° 56' 10.8" | H6: =VLOOKUP(H$2+$A6-1,Data!$C:$E,2) -> -3m 20s SS | I6: =VLOOKUP(H$2+$A6-1,Data!$C:$E,3) -> +05° 11' 33.6" | J6: =VLOOKUP(J$2+$A6-1,Data!$C:$E,2) -> +3m 5s SF | K6: =VLOOKUP(J$2+$A6-1,Data!$C:$E,3) -> +15° 34' 53.9" | L6: =VLOOKUP(L$2+$A6-1,Data!$C:$E,2) -> +1m 51s SF | M6: =VLOOKUP(L$2+$A6-1,Data!$C:$E,3) -> +22° 16' 17.0" | N6: 3
A7: 4 | B7: =VLOOKUP(B$2+$A7-1,Data!$C:$E,2) -> -4m 49s SS | C7: =VLOOKUP(B$2+$A7-1,Data!$C:$E,3) -> -22° 45' 00.2" | D7: =VLOOKUP(D$2+$A7-1,Data!$C:$E,2) -> -13m 51s SS | E7: =VLOOKUP(D$2+$A7-1,Data!$C:$E,3) -> -16° 18' 38.3" | F7: =VLOOKUP(F$2+$A7-1,Data!$C:$E,2) -> -11m 44s SS | G7: =VLOOKUP(F$2+$A7-1,Data!$C:$E,3) -> -06° 33' 10.1" | H7: =VLOOKUP(H$2+$A7-1,Data!$C:$E,2) -> -3m 3s SS | I7: =VLOOKUP(H$2+$A7-1,Data!$C:$E,3) -> +05° 34' 30.4" | J7: =VLOOKUP(J$2+$A7-1,Data!$C:$E,2) -> +3m 11s SF | K7: =VLOOKUP(J$2+$A7-1,Data!$C:$E,3) -> +15° 52' 28.9" | L7: =VLOOKUP(L$2+$A7-1,Data!$C:$E,2) -> +1m 41s SF | M7: =VLOOKUP(L$2+$A7-1,Data!$C:$E,3) -> +22° 23' 34.4" | N7: 4
A8: 5 | B8: =VLOOKUP(B$2+$A8-1,Data!$C:$E,2) -> -5m 16s SS | C8: =VLOOKUP(B$2+$A8-1,Data!$C:$E,3) -> -22° 38' 36.1" | D8: =VLOOKUP(D$2+$A8-1,Data!$C:$E,2) -> -13m 56s SS | E8: =VLOOKUP(D$2+$A8-1,Data!$C:$E,3) -> -16° 00' 38.7" | F8: =VLOOKUP(F$2+$A8-1,Data!$C:$E,2) -> -11m 31s SS | G8: =VLOOKUP(F$2+$A8-1,Data!$C:$E,3) -> -06° 10' 04.0" | H8: =VLOOKUP(H$2+$A8-1,Data!$C:$E,2) -> -2m 45s SS | I8: =VLOOKUP(H$2+$A8-1,Data!$C:$E,3) -> +05° 57' 21.4" | J8: =VLOOKUP(J$2+$A8-1,Data!$C:$E,2) -> +3m 17s SF | K8: =VLOOKUP(J$2+$A8-1,Data!$C:$E,3) -> +16° 09' 48.0" | L8: =VLOOKUP(L$2+$A8-1,Data!$C:$E,2) -> +1m 31s SF | M8: =VLOOKUP(L$2+$A8-1,Data!$C:$E,3) -> +22° 30' 28.3" | N8: 5
A9: 6 | B9: =VLOOKUP(B$2+$A9-1,Data!$C:$E,2) -> -5m 42s SS | C9: =VLOOKUP(B$2+$A9-1,Data!$C:$E,3) -> -22° 31' 45.2" | D9: =VLOOKUP(D$2+$A9-1,Data!$C:$E,2) -> -14m 0s SS | E9: =VLOOKUP(D$2+$A9-1,Data!$C:$E,3) -> -15° 42' 22.7" | F9: =VLOOKUP(F$2+$A9-1,Data!$C:$E,2) -> -11m 17s SS | G9: =VLOOKUP(F$2+$A9-1,Data!$C:$E,3) -> -05° 46' 52.8" | H9: =VLOOKUP(H$2+$A9-1,Data!$C:$E,2) -> -2m 28s SS | I9: =VLOOKUP(H$2+$A9-1,Data!$C:$E,3) -> +06° 20' 06.1" | J9: =VLOOKUP(J$2+$A9-1,Data!$C:$E,2) -> +3m 21s SF | K9: =VLOOKUP(J$2+$A9-1,Data!$C:$E,3) -> +16° 26' 51.0" | L9: =VLOOKUP(L$2+$A9-1,Data!$C:$E,2) -> +1m 20s SF | M9: =VLOOKUP(L$2+$A9-1,Data!$C:$E,3) -> +22° 36' 58.7" | N9: 6
A10: 7 | B10: =VLOOKUP(B$2+$A10-1,Data!$C:$E,2) -> -6m 8s SS | C10: =VLOOKUP(B$2+$A10-1,Data!$C:$E,3) -> -22° 24' 27.6" | D10: =VLOOKUP(D$2+$A10-1,Data!$C:$E,2) -> -14m 4s SS | E10: =VLOOKUP(D$2+$A10-1,Data!$C:$E,3) -> -15° 23' 50.6" | F10: =VLOOKUP(F$2+$A10-1,Data!$C:$E,2) -> -11m 3s SS | G10: =VLOOKUP(F$2+$A10-1,Data!$C:$E,3) -> -05° 23' 37.1" | H10: =VLOOKUP(H$2+$A10-1,Data!$C:$E,2) -> -2m 11s SS | I10: =VLOOKUP(H$2+$A10-1,Data!$C:$E,3) -> +06° 42' 44.3" | J10: =VLOOKUP(J$2+$A10-1,Data!$C:$E,2) -> +3m 26s SF | K10: =VLOOKUP(J$2+$A10-1,Data!$C:$E,3) -> +16° 43' 37.6" | L10: =VLOOKUP(L$2+$A10-1,Data!$C:$E,2) -> +1m 9s SF | M10: =VLOOKUP(L$2+$A10-1,Data!$C:$E,3) -> +22° 43' 05.3" | N10: 7
A11: 8 | B11: =VLOOKUP(B$2+$A11-1,Data!$C:$E,2) -> -6m 34s SS | C11: =VLOOKUP(B$2+$A11-1,Data!$C:$E,3) -> -22° 16' 43.5" | D11: =VLOOKUP(D$2+$A11-1,Data!$C:$E,2) -> -14m 7s SS | E11: =VLOOKUP(D$2+$A11-1,Data!$C:$E,3) -> -15° 05' 02.8" | F11: =VLOOKUP(F$2+$A11-1,Data!$C:$E,2) -> -10m 48s SS | G11: =VLOOKUP(F$2+$A11-1,Data!$C:$E,3) -> -05° 00' 17.0" | H11: =VLOOKUP(H$2+$A11-1,Data!$C:$E,2) -> -1m 55s SS | I11: =VLOOKUP(H$2+$A11-1,Data!$C:$E,3) -> +07° 05' 15.7" | J11: =VLOOKUP(J$2+$A11-1,Data!$C:$E,2) -> +3m 29s SF | K11: =VLOOKUP(J$2+$A11-1,Data!$C:$E,3) -> +17° 00' 07.7" | L11: =VLOOKUP(L$2+$A11-1,Data!$C:$E,2) -> +0m 58s SF | M11: =VLOOKUP(L$2+$A11-1,Data!$C:$E,3) -> +22° 48' 48.0" | N11: 8
A12: 9 | B12: =VLOOKUP(B$2+$A12-1,Data!$C:$E,2) -> -6m 59s SS | C12: =VLOOKUP(B$2+$A12-1,Data!$C:$E,3) -> -22° 08' 33.2" | D12: =VLOOKUP(D$2+$A12-1,Data!$C:$E,2) -> -14m 9s SS | E12: =VLOOKUP(D$2+$A12-1,Data!$C:$E,3) -> -14° 45' 59.7" | F12: =VLOOKUP(F$2+$A12-1,Data!$C:$E,2) -> -10m 33s SS | G12: =VLOOKUP(F$2+$A12-1,Data!$C:$E,3) -> -04° 36' 53.0" | H12: =VLOOKUP(H$2+$A12-1,Data!$C:$E,2) -> -1m 38s SS | I12: =VLOOKUP(H$2+$A12-1,Data!$C:$E,3) -> +07° 27' 39.8" | J12: =VLOOKUP(J$2+$A12-1,Data!$C:$E,2) -> +3m 33s SF | K12: =VLOOKUP(J$2+$A12-1,Data!$C:$E,3) -> +17° 16' 20.7" | L12: =VLOOKUP(L$2+$A12-1,Data!$C:$E,2) -> +0m 47s SF | M12: =VLOOKUP(L$2+$A12-1,Data!$C:$E,3) -> +22° 54' 06.8" | N12: 9
A13: 10 | B13: =VLOOKUP(B$2+$A13-1,Data!$C:$E,2) -> -7m 23s SS | C13: =VLOOKUP(B$2+$A13-1,Data!$C:$E,3) -> -21° 59' 56.9" | D13: =VLOOKUP(D$2+$A13-1,Data!$C:$E,2) -> -14m 10s SS | E13: =VLOOKUP(D$2+$A13-1,Data!$C:$E,3) -> -14° 26' 41.7" | F13: =VLOOKUP(F$2+$A13-1,Data!$C:$E,2) -> -10m 18s SS | G13: =VLOOKUP(F$2+$A13-1,Data!$C:$E,3) -> -04° 13' 25.4" | H13: =VLOOKUP(H$2+$A13-1,Data!$C:$E,2) -> -1m 22s SS | I13: =VLOOKUP(H$2+$A13-1,Data!$C:$E,3) -> +07° 49' 56.6" | J13: =VLOOKUP(J$2+$A13-1,Data!$C:$E,2) -> +3m 35s SF | K13: =VLOOKUP(J$2+$A13-1,Data!$C:$E,3) -> +17° 32' 16.6" | L13: =VLOOKUP(L$2+$A13-1,Data!$C:$E,2) -> +0m 35s SF | M13: =VLOOKUP(L$2+$A13-1,Data!$C:$E,3) -> +22° 59' 01.5" | N13: 10
A14: 11 | B14: =VLOOKUP(B$2+$A14-1,Data!$C:$E,2) -> -7m 47s SS | C14: =VLOOKUP(B$2+$A14-1,Data!$C:$E,3) -> -21° 50' 54.9" | D14: =VLOOKUP(D$2+$A14-1,Data!$C:$E,2) -> -14m 10s SS | E14: =VLOOKUP(D$2+$A14-1,Data!$C:$E,3) -> -14° 07' 09.1" | F14: =VLOOKUP(F$2+$A14-1,Data!$C:$E,2) -> -10m 2s SS | G14: =VLOOKUP(F$2+$A14-1,Data!$C:$E,3) -> -03° 49' 54.6" | H14: =VLOOKUP(H$2+$A14-1,Data!$C:$E,2) -> -1m 6s SS | I14: =VLOOKUP(H$2+$A14-1,Data!$C:$E,3) -> +08° 12' 05.5" | J14: =VLOOKUP(J$2+$A14-1,Data!$C:$E,2) -> +3m 37s SF | K14: =VLOOKUP(J$2+$A14-1,Data!$C:$E,3) -> +17° 47' 55.0" | L14: =VLOOKUP(L$2+$A14-1,Data!$C:$E,2) -> +0m 23s SF | M14: =VLOOKUP(L$2+$A14-1,Data!$C:$E,3) -> +23° 03' 31.9" | N14: 11
A15: 12 | B15: =VLOOKUP(B$2+$A15-1,Data!$C:$E,2) -> -8m 11s SS | C15: =VLOOKUP(B$2+$A15-1,Data!$C:$E,3) -> -21° 41' 27.3" | D15: =VLOOKUP(D$2+$A15-1,Data!$C:$E,2) -> -14m 10s SS | E15: =VLOOKUP(D$2+$A15-1,Data!$C:$E,3) -> -13° 47' 22.5" | F15: =VLOOKUP(F$2+$A15-1,Data!$C:$E,2) -> -9m 46s SS | G15: =VLOOKUP(F$2+$A15-1,Data!$C:$E,3) -> -03° 26' 20.9" | H15: =VLOOKUP(H$2+$A15-1,Data!$C:$E,2) -> -0m 50s SS | I15: =VLOOKUP(H$2+$A15-1,Data!$C:$E,3) -> +08° 34' 06.3" | J15: =VLOOKUP(J$2+$A15-1,Data!$C:$E,2) -> +3m 38s SF | K15: =VLOOKUP(J$2+$A15-1,Data!$C:$E,3) -> +18° 03' 15.5" | L15: =VLOOKUP(L$2+$A15-1,Data!$C:$E,2) -> +0m 10s SF | M15: =VLOOKUP(L$2+$A15-1,Data!$C:$E,3) -> +23° 07' 38.0" | N15: 12
... A31: 28 | B31: =VLOOKUP(B$2+$A31-1,Data!$C:$E,2) -> -12m 51s SS | C31: =VLOOKUP(B$2+$A31-1,Data!$C:$E,3) -> -18° 16' 19.9" | D31: =VLOOKUP(D$2+$A31-1,Data!$C:$E,2) -> -12m 32s SS | E31: =VLOOKUP(D$2+$A31-1,Data!$C:$E,3) -> -08° 04' 36.7" | F31: =VLOOKUP(F$2+$A31-1,Data!$C:$E,2) -> -5m 8s SS | G31: =VLOOKUP(F$2+$A31-1,Data!$C:$E,3) -> +02° 52' 07.2" | H31: =VLOOKUP(H$2+$A31-1,Data!$C:$E,2) -> +2m 28s SF | I31: =VLOOKUP(H$2+$A31-1,Data!$C:$E,3) -> +14° 03' 12.5" | J31: =VLOOKUP(J$2+$A31-1,Data!$C:$E,2) -> +2m 44s SF | K31: =VLOOKUP(J$2+$A31-1,Data!$C:$E,3) -> +21° 24' 28.3" | L31: =VLOOKUP(L$2+$A31-1,Data!$C:$E,2) -> -3m 16s SS | M31: =VLOOKUP(L$2+$A31-1,Data!$C:$E,3) -> +23° 17' 16.9" | N31: 28
A32: 29 | B32: =VLOOKUP(B$2+$A32-1,Data!$C:$E,2) -> -13m 2s SS | C32: =VLOOKUP(B$2+$A32-1,Data!$C:$E,3) -> -18° 00' 26.9" | F32: =VLOOKUP(F$2+$A32-1,Data!$C:$E,2) -> -4m 50s SS | G32: =VLOOKUP(F$2+$A32-1,Data!$C:$E,3) -> +03° 15' 32.5" | H32: =VLOOKUP(H$2+$A32-1,Data!$C:$E,2) -> +2m 36s SF | I32: =VLOOKUP(H$2+$A32-1,Data!$C:$E,3) -> +14° 22' 02.0" | J32: =VLOOKUP(J$2+$A32-1,Data!$C:$E,2) -> +2m 36s SF | K32: =VLOOKUP(J$2+$A32-1,Data!$C:$E,3) -> +21° 34' 03.2" | L32: =VLOOKUP(L$2+$A32-1,Data!$C:$E,2) -> -3m 28s SS | M32: =VLOOKUP(L$2+$A32-1,Data!$C:$E,3) -> +23° 14' 22.9" | N32: 29
A33: 30 | B33: =VLOOKUP(B$2+$A33-1,Data!$C:$E,2) -> -13m 13s SS | C33: =VLOOKUP(B$2+$A33-1,Data!$C:$E,3) -> -17° 44' 14.7" | F33: =VLOOKUP(F$2+$A33-1,Data!$C:$E,2) -> -4m 32s SS | G33: =VLOOKUP(F$2+$A33-1,Data!$C:$E,3) -> +03° 38' 53.8" | H33: =VLOOKUP(H$2+$A33-1,Data!$C:$E,2) -> +2m 44s SF | I33: =VLOOKUP(H$2+$A33-1,Data!$C:$E,3) -> +14° 40' 37.2" | J33: =VLOOKUP(J$2+$A33-1,Data!$C:$E,2) -> +2m 28s SF | K33: =VLOOKUP(J$2+$A33-1,Data!$C:$E,3) -> +21° 43' 15.6" | L33: =VLOOKUP(L$2+$A33-1,Data!$C:$E,2) -> -3m 40s SS | M33: =VLOOKUP(L$2+$A33-1,Data!$C:$E,3) -> +23° 11' 04.5" | N33: 30
A34: 31 | B34: =VLOOKUP(B$2+$A34-1,Data!$C:$E,2) -> -13m 22s SS | C34: =VLOOKUP(B$2+$A34-1,Data!$C:$E,3) -> -17° 27' 43.6" | F34: =VLOOKUP(F$2+$A34-1,Data!$C:$E,2) -> -4m 14s SS | G34: =VLOOKUP(F$2+$A34-1,Data!$C:$E,3) -> +04° 02' 11.0" | J34: =VLOOKUP(J$2+$A34-1,Data!$C:$E,2) -> +2m 19s SF | K34: =VLOOKUP(J$2+$A34-1,Data!$C:$E,3) -> +21° 52' 05.4" | N34: 31
B36: Equation of Time and Solar Declination at 12:00 GMT (+ve Sun Fast, -ve Sun Slow)
B37: 45108 | D37: 45139 | F37: 45170 | H37: 45200 | J37: 45231 | L37: 45261
B38: EoT | C38: Dec | D38: EoT | E38: Dec | F38: EoT | G38: Dec | H38: EoT | I38: Dec | J38: EoT | K38: Dec | L38: EoT | M38: Dec
A39: 1 | B39: =VLOOKUP(B$37+$A4-1,Data!$C:$E,2) -> -3m 52s SS | C39: =VLOOKUP(B$37+$A4-1,Data!$C:$E,3) -> +23° 07' 21.8" | D39: =VLOOKUP(D$37+$A4-1,Data!$C:$E,2) -> -6m 23s SS | E39: =VLOOKUP(D$37+$A4-1,Data!$C:$E,3) -> +18° 05' 08.9" | F39: =VLOOKUP(F$37+$A4-1,Data!$C:$E,2) -> -0m 5s SS | G39: =VLOOKUP(F$37+$A4-1,Data!$C:$E,3) -> +08° 23' 11.5" | H39: =VLOOKUP(H$37+$A4-1,Data!$C:$E,2) -> +10m 16s SF | I39: =VLOOKUP(H$37+$A4-1,Data!$C:$E,3) -> -03° 03' 55.9" | J39: =VLOOKUP(J$37+$A4-1,Data!$C:$E,2) -> +16m 25s SF | K39: =VLOOKUP(J$37+$A4-1,Data!$C:$E,3) -> -14° 19' 27.5" | L39: =VLOOKUP(L$37+$A4-1,Data!$C:$E,2) -> +11m 6s SF | M39: =VLOOKUP(L$37+$A4-1,Data!$C:$E,3) -> -21° 44' 58.4" | N39: 1
A40: 2 | B40: =VLOOKUP(B$37+$A5-1,Data!$C:$E,2) -> -4m 3s SS | C40: =VLOOKUP(B$37+$A5-1,Data!$C:$E,3) -> +23° 03' 14.8" | D40: =VLOOKUP(D$37+$A5-1,Data!$C:$E,2) -> -6m 19s SS | E40: =VLOOKUP(D$37+$A5-1,Data!$C:$E,3) -> +17° 50' 00.0" | F40: =VLOOKUP(F$37+$A5-1,Data!$C:$E,2) -> +0m 14s SF | G40: =VLOOKUP(F$37+$A5-1,Data!$C:$E,3) -> +08° 01' 25.9" | H40: =VLOOKUP(H$37+$A5-1,Data!$C:$E,2) -> +10m 35s SF | I40: =VLOOKUP(H$37+$A5-1,Data!$C:$E,3) -> -03° 27' 10.7" | J40: =VLOOKUP(J$37+$A5-1,Data!$C:$E,2) -> +16m 27s SF | K40: =VLOOKUP(J$37+$A5-1,Data!$C:$E,3) -> -14° 38' 37.6" | L40: =VLOOKUP(L$37+$A5-1,Data!$C:$E,2) -> +10m 43s SF | M40: =VLOOKUP(L$37+$A5-1,Data!$C:$E,3) -> -21° 54' 13.8" | N40: 2
A41: 3 | B41: =VLOOKUP(B$37+$A6-1,Data!$C:$E,2) -> -4m 14s SS | C41: =VLOOKUP(B$37+$A6-1,Data!$C:$E,3) -> +22° 58' 43.7" | D41: =VLOOKUP(D$37+$A6-1,Data!$C:$E,2) -> -6m 14s SS | E41: =VLOOKUP(D$37+$A6-1,Data!$C:$E,3) -> +17° 34' 33.7" | F41: =VLOOKUP(F$37+$A6-1,Data!$C:$E,2) -> +0m 34s SF | G41: =VLOOKUP(F$37+$A6-1,Data!$C:$E,3) -> +07° 39' 32.4" | H41: =VLOOKUP(H$37+$A6-1,Data!$C:$E,2) -> +10m 54s SF | I41: =VLOOKUP(H$37+$A6-1,Data!$C:$E,3) -> -03° 50' 23.2" | J41: =VLOOKUP(J$37+$A6-1,Data!$C:$E,2) -> +16m 27s SF | K41: =VLOOKUP(J$37+$A6-1,Data!$C:$E,3) -> -14° 57' 33.6" | L41: =VLOOKUP(L$37+$A6-1,Data!$C:$E,2) -> +10m 20s SF | M41: =VLOOKUP(L$37+$A6-1,Data!$C:$E,3) -> -22° 03' 04.1" | N41: 3
A42: 4 | B42: =VLOOKUP(B$37+$A7-1,Data!$C:$E,2) -> -4m 25s SS | C42: =VLOOKUP(B$37+$A7-1,Data!$C:$E,3) -> +22° 53' 48.7" | D42: =VLOOKUP(D$37+$A7-1,Data!$C:$E,2) -> -6m 9s SS | E42: =VLOOKUP(D$37+$A7-1,Data!$C:$E,3) -> +17° 18' 50.3" | F42: =VLOOKUP(F$37+$A7-1,Data!$C:$E,2) -> +0m 53s SF | G42: =VLOOKUP(F$37+$A7-1,Data!$C:$E,3) -> +07° 17' 31.5" | H42: =VLOOKUP(H$37+$A7-1,Data!$C:$E,2) -> +11m 13s SF | I42: =VLOOKUP(H$37+$A7-1,Data!$C:$E,3) -> -04° 13' 33.3" | J42: =VLOOKUP(J$37+$A7-1,Data!$C:$E,2) -> +16m 27s SF | K42: =VLOOKUP(J$37+$A7-1,Data!$C:$E,3) -> -15° 16' 15.2" | L42: =VLOOKUP(L$37+$A7-1,Data!$C:$E,2) -> +9m 56s SF | M42: =VLOOKUP(L$37+$A7-1,Data!$C:$E,3) -> -22° 11' 29.0" | N42: 4
A43: 5 | B43: =VLOOKUP(B$37+$A8-1,Data!$C:$E,2) -> -4m 36s SS | C43: =VLOOKUP(B$37+$A8-1,Data!$C:$E,3) -> +22° 48' 29.7" | D43: =VLOOKUP(D$37+$A8-1,Data!$C:$E,2) -> -6m 3s SS | E43: =VLOOKUP(D$37+$A8-1,Data!$C:$E,3) -> +17° 02' 50.1" | F43: =VLOOKUP(F$37+$A8-1,Data!$C:$E,2) -> +1m 13s SF | G43: =VLOOKUP(F$37+$A8-1,Data!$C:$E,3) -> +06° 55' 23.4" | H43: =VLOOKUP(H$37+$A8-1,Data!$C:$E,2) -> +11m 31s SF | I43: =VLOOKUP(H$37+$A8-1,Data!$C:$E,3) -> -04° 36' 40.4" | J43: =VLOOKUP(J$37+$A8-1,Data!$C:$E,2) -> +16m 26s SF | K43: =VLOOKUP(J$37+$A8-1,Data!$C:$E,3) -> -15° 34' 41.8" | L43: =VLOOKUP(L$37+$A8-1,Data!$C:$E,2) -> +9m 32s SF | M43: =VLOOKUP(L$37+$A8-1,Data!$C:$E,3) -> -22° 19' 28.1" | N43: 5
A44: 6 | B44: =VLOOKUP(B$37+$A9-1,Data!$C:$E,2) -> -4m 46s SS | C44: =VLOOKUP(B$37+$A9-1,Data!$C:$E,3) -> +22° 42' 47.0" | D44: =VLOOKUP(D$37+$A9-1,Data!$C:$E,2) -> -5m 57s SS | E44: =VLOOKUP(D$37+$A9-1,Data!$C:$E,3) -> +16° 46' 33.2" | F44: =VLOOKUP(F$37+$A9-1,Data!$C:$E,2) -> +1m 34s SF | G44: =VLOOKUP(F$37+$A9-1,Data!$C:$E,3) -> +06° 33' 08.3" | H44: =VLOOKUP(H$37+$A9-1,Data!$C:$E,2) -> +11m 49s SF | I44: =VLOOKUP(H$37+$A9-1,Data!$C:$E,3) -> -04° 59' 44.3" | J44: =VLOOKUP(J$37+$A9-1,Data!$C:$E,2) -> +16m 24s SF | K44: =VLOOKUP(J$37+$A9-1,Data!$C:$E,3) -> -15° 52' 53.2" | L44: =VLOOKUP(L$37+$A9-1,Data!$C:$E,2) -> +9m 7s SF | M44: =VLOOKUP(L$37+$A9-1,Data!$C:$E,3) -> -22° 27' 01.4" | N44: 6
A45: 7 | B45: =VLOOKUP(B$37+$A10-1,Data!$C:$E,2) -> -4m 55s SS | C45: =VLOOKUP(B$37+$A10-1,Data!$C:$E,3) -> +22° 36' 40.6" | D45: =VLOOKUP(D$37+$A10-1,Data!$C:$E,2) -> -5m 50s SS | E45: =VLOOKUP(D$37+$A10-1,Data!$C:$E,3) -> +16° 30' 00.1" | F45: =VLOOKUP(F$37+$A10-1,Data!$C:$E,2) -> +1m 54s SF | G45: =VLOOKUP(F$37+$A10-1,Data!$C:$E,3) -> +06° 10' 46.7" | H45: =VLOOKUP(H$37+$A10-1,Data!$C:$E,2) -> +12m 7s SF | I45: =VLOOKUP(H$37+$A10-1,Data!$C:$E,3) -> -05° 22' 44.6" | J45: =VLOOKUP(J$37+$A10-1,Data!$C:$E,2) -> +16m 21s SF | K45: =VLOOKUP(J$37+$A10-1,Data!$C:$E,3) -> -16° 10' 48.9" | L45: =VLOOKUP(L$37+$A10-1,Data!$C:$E,2) -> +8m 41s SF | M45: =VLOOKUP(L$37+$A10-1,Data!$C:$E,3) -> -22° 34' 08.4" | N45: 7
A46: 8 | B46: =VLOOKUP(B$37+$A11-1,Data!$C:$E,2) -> -5m 5s SS | C46: =VLOOKUP(B$37+$A11-1,Data!$C:$E,3) -> +22° 30' 10.8" | D46: =VLOOKUP(D$37+$A11-1,Data!$C:$E,2) -> -5m 42s SS | E46: =VLOOKUP(D$37+$A11-1,Data!$C:$E,3) -> +16° 13' 10.9" | F46: =VLOOKUP(F$37+$A11-1,Data!$C:$E,2) -> +2m 14s SF | G46: =VLOOKUP(F$37+$A11-1,Data!$C:$E,3) -> +05° 48' 18.8" | H46: =VLOOKUP(H$37+$A11-1,Data!$C:$E,2) -> +12m 24s SF | I46: =VLOOKUP(H$37+$A11-1,Data!$C:$E,3) -> -05° 45' 41.0" | J46: =VLOOKUP(J$37+$A11-1,Data!$C:$E,2) -> +16m 18s SF | K46: =VLOOKUP(J$37+$A11-1,Data!$C:$E,3) -> -16° 28' 28.4" | L46: =VLOOKUP(L$37+$A11-1,Data!$C:$E,2) -> +8m 15s SF | M46: =VLOOKUP(L$37+$A11-1,Data!$C:$E,3) -> -22° 40' 49.0" | N46: 8
A47: 9 | B47: =VLOOKUP(B$37+$A12-1,Data!$C:$E,2) -> -5m 14s SS | C47: =VLOOKUP(B$37+$A12-1,Data!$C:$E,3) -> +22° 23' 17.6" | D47: =VLOOKUP(D$37+$A12-1,Data!$C:$E,2) -> -5m 34s SS | E47: =VLOOKUP(D$37+$A12-1,Data!$C:$E,3) -> +15° 56' 06.1" | F47: =VLOOKUP(F$37+$A12-1,Data!$C:$E,2) -> +2m 35s SF | G47: =VLOOKUP(F$37+$A12-1,Data!$C:$E,3) -> +05° 25' 45.1" | H47: =VLOOKUP(H$37+$A12-1,Data!$C:$E,2) -> +12m 41s SF | I47: =VLOOKUP(H$37+$A12-1,Data!$C:$E,3) -> -06° 08' 33.0" | J47: =VLOOKUP(J$37+$A12-1,Data!$C:$E,2) -> +16m 13s SF | K47: =VLOOKUP(J$37+$A12-1,Data!$C:$E,3) -> -16° 45' 51.4" | L47: =VLOOKUP(L$37+$A12-1,Data!$C:$E,2) -> +7m 49s SF | M47: =VLOOKUP(L$37+$A12-1,Data!$C:$E,3) -> -22° 47' 02.9" | N47: 9
A48: 10 | B48: =VLOOKUP(B$37+$A13-1,Data!$C:$E,2) -> -5m 23s SS | C48: =VLOOKUP(B$37+$A13-1,Data!$C:$E,3) -> +22° 16' 01.2" | D48: =VLOOKUP(D$37+$A13-1,Data!$C:$E,2) -> -5m 25s SS | E48: =VLOOKUP(D$37+$A13-1,Data!$C:$E,3) -> +15° 38' 45.8" | F48: =VLOOKUP(F$37+$A13-1,Data!$C:$E,2) -> +2m 56s SF | G48: =VLOOKUP(F$37+$A13-1,Data!$C:$E,3) -> +05° 03' 05.7" | H48: =VLOOKUP(H$37+$A13-1,Data!$C:$E,2) -> +12m 57s SF | I48: =VLOOKUP(H$37+$A13-1,Data!$C:$E,3) -> -06° 31' 20.4" | J48: =VLOOKUP(J$37+$A13-1,Data!$C:$E,2) -> +16m 8s SF | K48: =VLOOKUP(J$37+$A13-1,Data!$C:$E,3) -> -17° 02' 57.5" | L48: =VLOOKUP(L$37+$A13-1,Data!$C:$E,2) -> +7m 22s SF | M48: =VLOOKUP(L$37+$A13-1,Data!$C:$E,3) -> -22° 52' 49.9" | N48: 10
A49: 11 | B49: =VLOOKUP(B$37+$A14-1,Data!$C:$E,2) -> -5m 31s SS | C49: =VLOOKUP(B$37+$A14-1,Data!$C:$E,3) -> +22° 08' 21.7" | D49: =VLOOKUP(D$37+$A14-1,Data!$C:$E,2) -> -5m 16s SS | E49: =VLOOKUP(D$37+$A14-1,Data!$C:$E,3) -> +15° 21' 10.3" | F49: =VLOOKUP(F$37+$A14-1,Data!$C:$E,2) -> +3m 17s SF | G49: =VLOOKUP(F$37+$A14-1,Data!$C:$E,3) -> +04° 40' 21.1" | H49: =VLOOKUP(H$37+$A14-1,Data!$C:$E,2) -> +13m 12s SF | I49: =VLOOKUP(H$37+$A14-1,Data!$C:$E,3) -> -06° 54' 02.6" | J49: =VLOOKUP(J$37+$A14-1,Data!$C:$E,2) -> +16m 1s SF | K49: =VLOOKUP(J$37+$A14-1,Data!$C:$E,3) -> -17° 19' 46.2" | L49: =VLOOKUP(L$37+$A14-1,Data!$C:$E,2) -> +6m 54s SF | M49: =VLOOKUP(L$37+$A14-1,Data!$C:$E,3) -> -22° 58' 09.8" | N49: 11
A50: 12 | B50: =VLOOKUP(B$37+$A15-1,Data!$C:$E,2) -> -5m 39s SS | C50: =VLOOKUP(B$37+$A15-1,Data!$C:$E,3) -> +22° 00' 19.3" | D50: =VLOOKUP(D$37+$A15-1,Data!$C:$E,2) -> -5m 6s SS | E50: =VLOOKUP(D$37+$A15-1,Data!$C:$E,3) -> +15° 03' 20.1" | F50: =VLOOKUP(F$37+$A15-1,Data!$C:$E,2) -> +3m 38s SF | G50: =VLOOKUP(F$37+$A15-1,Data!$C:$E,3) -> +04° 17' 31.5" | H50: =VLOOKUP(H$37+$A15-1,Data!$C:$E,2) -> +13m 28s SF | I50: =VLOOKUP(H$37+$A15-1,Data!$C:$E,3) -> -07° 16' 39.4" | J50: =VLOOKUP(J$37+$A15-1,Data!$C:$E,2) -> +15m 54s SF | K50: =VLOOKUP(J$37+$A15-1,Data!$C:$E,3) -> -17° 36' 17.0" | L50: =VLOOKUP(L$37+$A15-1,Data!$C:$E,2) -> +6m 26s SF | M50: =VLOOKUP(L$37+$A15-1,Data!$C:$E,3) -> -23° 03' 02.5" | N50: 12
... A68: 30 | B68: =VLOOKUP(B$37+$A33-1,Data!$C:$E,2) -> -6m 29s SS | C68: =VLOOKUP(B$37+$A33-1,Data!$C:$E,3) -> +18° 34' 33.5" | D68: =VLOOKUP(D$37+$A33-1,Data!$C:$E,2) -> -0m 43s SS | E68: =VLOOKUP(D$37+$A33-1,Data!$C:$E,3) -> +09° 06' 18.3" | F68: =VLOOKUP(F$37+$A33-1,Data!$C:$E,2) -> +9m 56s SF | G68: =VLOOKUP(F$37+$A33-1,Data!$C:$E,3) -> -02° 40' 39.3" | H68: =VLOOKUP(H$37+$A33-1,Data!$C:$E,2) -> +16m 20s SF | I68: =VLOOKUP(H$37+$A33-1,Data!$C:$E,3) -> -13° 40' 26.7" | J68: =VLOOKUP(J$37+$A33-1,Data!$C:$E,2) -> +11m 28s SF | K68: =VLOOKUP(J$37+$A33-1,Data!$C:$E,3) -> -21° 35' 18.0" | L68: =VLOOKUP(L$37+$A33-1,Data!$C:$E,2) -> -2m 22s SS | M68: =VLOOKUP(L$37+$A33-1,Data!$C:$E,3) -> -23° 11' 08.4" | N68: 30
A69: 31 | B69: =VLOOKUP(B$37+$A34-1,Data!$C:$E,2) -> -6m 26s SS | C69: =VLOOKUP(B$37+$A34-1,Data!$C:$E,3) -> +18° 20' 00.2" | D69: =VLOOKUP(D$37+$A34-1,Data!$C:$E,2) -> -0m 24s SS | E69: =VLOOKUP(D$37+$A34-1,Data!$C:$E,3) -> +08° 44' 49.1" | H69: =VLOOKUP(H$37+$A34-1,Data!$C:$E,2) -> +16m 23s SF | I69: =VLOOKUP(H$37+$A34-1,Data!$C:$E,3) -> -14° 00' 03.8" | L69: =VLOOKUP(L$37+$A34-1,Data!$C:$E,2) -> -2m 50s SS | M69: =VLOOKUP(L$37+$A34-1,Data!$C:$E,3) -> -23° 07' 08.6" | N69: 31

Sheet Data
A1: Orig | B1: Date String | C1: Date | D1: EoT | E1: Dec
A2: 2022-01-01 12:03:32.485058+00:00 | B2: 44562 | C2: 44562 | D2: -3m 32s SS | E2: -23° 00' 15.6"
A3: 2022-01-02 12:04:00.664680+00:00 | B3: 44563 | C3: 44563 | D3: -4m 1s SS | E3: -22° 55' 06.2"
A4: 2022-01-03 12:04:28.490741+00:00 | B4: 44564 | C4: 44564 | D4: -4m 28s SS | E4: -22° 49' 29.4"
A5: 2022-01-04 12:04:55.926854+00:00 | B5: 44565 | C5: 44565 | D5: -4m 56s SS | E5: -22° 43' 25.3"
A6: 2022-01-05 12:05:22.938111+00:00 | B6: 44566 | C6: 44566 | D6: -5m 23s SS | E6: -22° 36' 54.1"
A7: 2022-01-06 12:05:49.491585+00:00 | B7: 44567 | C7: 44567 | D7: -5m 49s SS | E7: -22° 29' 56.0"
A8: 2022-01-07 12:06:15.556606+00:00 | B8: 44568 | C8: 44568 | D8: -6m 16s SS | E8: -22° 22' 31.3"
A9: 2022-01-08 12:06:41.104774+00:00 | B9: 44569 | C9: 44569 | D9: -6m 41s SS | E9: -22° 14' 40.1"
A10: 2022-01-09 12:07:06.109691+00:00 | B10: 44570 | C10: 44570 | D10: -7m 6s SS | E10: -22° 06' 22.7"
A11: 2022-01-10 12:07:30.546805+00:00 | B11: 44571 | C11: 44571 | D11: -7m 31s SS | E11: -21° 57' 39.3"
A12: 2022-01-11 12:07:54.393252+00:00 | B12: 44572 | C12: 44572 | D12: -7m 54s SS | E12: -21° 48' 30.3"
A13: 2022-01-12 12:08:17.627787+00:00 | B13: 44573 | C13: 44573 | D13: -8m 18s SS | E13: -21° 38' 55.9"
... A731: 2023-12-31 12:02:50.383900+00:00 | B731: 45291 | C731: 45291 | D731: -2m 50s SS | E731: -23° 07' 08.6"
